Participant_ID,Session,Used_For_Classification,Maze_ID,time_taken,distance_traveled,endpoint_X,endpoint_Y,target_X,target_Y,distance_to_target,n_fixations,mean_fixation_time,fixation_std,fixation_locaion,n_fixations_2d,mean_fixation_time_2d,fixation_std_2d,fixation_locaion_2d,calibration_quality
PID10,1,True,1,4.5069899,0.171159538628705,5.58430196527924,-8.87080737428435,8.5,-8.5,2.93918239285999,5,0.75542462,1.35962371407834,322.215816647151,5,0.7882802,0.0060569563144045,0.0177723316735749,0.9974864631512
PID10,1,True,1,10.0026064,0.186404370048842,10.5586267786077,-6.3644599868967,8.5,-8.5,2.96622240588364,8,0.98764775,0.827994892815106,131.987712146946,7,1.29590024285714,0.005433991331627,0.021421218808641,
PID10,1,True,1,8.9919747,0.30169594905523,9.49530550419294,-5.69869299674502,8.5,-8.5,2.97286965290477,8,0.82572785,1.09330031160619,97.0795576870971,10,0.65917776,0.0041855788123218,0.0214132505267414,
PID10,1,True,1,12.4746864,0.416952382301435,5.75039703746073,-7.52080878245056,8.5,-8.5,2.91875519564945,8,1.226374775,1.12500743782183,89.0409334166561,13,0.764869646153846,0.0059946549679007,0.0196861052972107,
PID10,1,True,1,7.2680456,0.315936119590387,8.52359564198004,-5.56318974049252,8.5,-8.5,2.9369050469276,7,0.599755985714286,1.30359941822125,133.441894905029,10,0.50640097,0.0044685375999889,0.0234424473133914,
PID10,1,True,2,30.6919684,2.79170017189288,-10.0270030164268,9.93118690461643,-10.0,7.0,2.93131128212119,26,0.6982845,1.24508007434967,241.925068364983,24,0.919661504166667,0.0053380036433874,0.0171196193765281,
PID10,1,True,2,12.2373571,0.355344917281338,-12.489841303699,8.58431310206212,-10.0,7.0,2.95116209703421,14,0.6063932,1.3450152015321,342.354562451168,12,0.735974775,0.0042731676235826,0.0193872808287349,
PID10,1,True,2,7.2867305,0.243029787367588,-12.3973528784843,5.2432929414932,-10.0,7.0,2.97209025996595,7,0.733826914285714,1.29577036262414,280.134573743732,7,0.704646271428572,0.0052908066343003,0.0185669806107941,
PID10,1,True,2,2.7560904,0.165147774610737,-7.06327601915563,7.24164066632965,-10.0,7.0,2.94664859650598,3,0.499202366666667,1.16324445245246,320.861150931239,3,0.637060433333333,0.0022004987574623,0.0189419427140951,
PID10,1,True,2,3.180621,0.171520698874032,-8.21550982879864,4.71086032533921,-10.0,7.0,2.90251022758239,3,0.498258433333333,1.00807735401382,0.0206161383118513,2,0.44364925,0.0074647939988808,0.0229787240313116,
PID10,1,True,3,4.6124989,0.324533188942542,-4.30138076600563,-11.0115260794761,-7.0,-10.0,2.88196647786623,4,0.563740875,1.36705985246088,338.700095388051,4,0.79854975,0.0060040514896276,0.0205402457341644,
PID10,1,True,3,7.5808984,0.337131813638532,-4.16048143893034,-9.24443817241747,-7.0,-10.0,2.93832253742828,9,0.429149744444445,1.16649147629215,55.8628446852021,11,0.315941836363636,0.0077997605956734,0.018759143852571,
PID10,1,True,3,7.5546047,0.294043681591792,-4.23618213080336,-11.0829938424931,-7.0,-10.0,2.96842801444951,7,0.757800714285714,1.28568166273902,234.104876245214,11,0.454198054545455,0.0036315387926754,0.0213851125606292,
PID10,1,True,3,3.5471017,0.16334226235689,-4.25574648987827,-8.87616138988382,-7.0,-10.0,2.96545789877437,4,0.568459275,0.93363380090789,23.6895260216567,5,0.42412674,0.0063039305281616,0.0186093624486843,
PID10,1,True,3,6.1575602,0.235800405371398,-4.13672247423876,-9.38367951613309,-7.0,-10.0,2.92885799047399,6,0.6367904,1.35900460891752,67.9964996946905,7,0.584967042857143,0.0078327252742823,0.0155723450769573,
PID11,1,True,1,11.7270793,0.264501705545901,6.90162187416544,-10.9909632714765,8.5,-8.5,2.95968083633887,9,0.890835977777778,1.15881867745629,105.361347770726,14,0.570929928571428,0.0060318442409681,0.0152308805288208,0.997110528791852
PID11,1,True,1,7.0042958,0.164476485999466,7.47408838949637,-5.6921574170366,8.5,-8.5,2.98939368489143,9,0.540626511111111,0.941850575400239,125.865162156571,8,0.39779125,0.0076464059377982,0.0167005563117906,
PID11,1,True,1,6.2174803,0.17523916951761,6.4901435762509,-10.6972963893267,8.5,-8.5,2.97785732811926,3,1.61550686666667,1.07082646996172,121.865065221427,4,1.167926025,0.0036775990109475,0.0144853317259845,
PID11,1,True,1,7.0752385,0.187282954713332,11.3181541884133,-7.53355972866667,8.5,-8.5,2.97926162458528,7,0.674725128571429,0.836933219885831,140.247141015907,11,0.441729372727273,0.0065160201432798,0.0136702549287331,
PID11,1,True,1,5.4293499,0.168833933382266,5.7900907679888,-7.31468680667068,8.5,-8.5,2.95779908242938,4,1.028217,1.00304106231501,129.415262237953,4,0.97952265,0.0058227227549675,0.0127524618037901,
PID11,1,True,2,38.1498968,2.56049184734079,-9.58323659845243,4.13589839927746,-10.0,7.0,2.89426496923327,29,0.835590989655173,1.35291465638784,222.683503264915,46,0.505961680434782,0.0051972182059183,0.0164137565984024,
PID11,1,True,2,3.3555933,0.165646485090822,-7.13952872469545,7.16222288974958,-10.0,7.0,2.86506757037267,3,0.7859045,1.16270748280068,340.333568502566,3,0.711946366666667,0.002190241050542,0.0131675526485308,
PID11,1,True,2,5.381435,0.227080764950357,-12.7726263911407,8.07226064204428,-10.0,7.0,2.97274283942068,6,0.490012666666667,0.843372834226907,329.296847830704,9,0.436475322222222,0.0078430483380412,0.0155634610788976,
PID11,1,True,2,4.6242398,0.25234977387947,-11.1329688559157,9.68669708852851,-10.0,7.0,2.91581200936933,3,1.00073056666667,1.17000823821271,336.612775312303,5,0.56346036,0.0050566669744983,0.0161994335612263,
PID11,1,True,2,4.8512546,0.169041166997248,-7.96924008031582,4.94757861676131,-10.0,7.0,2.8872858164323,5,0.64530728,1.21025553359945,303.039805386122,4,0.7618187,0.0045088670900908,0.0111134306944749,
PID11,1,True,3,7.4215082,0.222013298978148,-8.8107483503259,-7.66533590402245,-7.0,-10.0,2.95456697829896,4,1.51086205,1.004876224879,354.200747410541,7,0.717098228571429,0.0039378881048365,0.0163408422411089,
PID11,1,True,3,5.7855536,0.170269440474378,-5.58712815311796,-7.39752767610759,-7.0,-10.0,2.96126139547623,6,0.641253083333333,0.872871149373503,35.6972546713249,7,0.527700985714286,0.0060086531611299,0.0132688297092978,
PID11,1,True,3,3.9907624,0.196066594072337,-9.83617392739341,-9.05381677034853,-7.0,-10.0,2.98984033863011,5,0.56793846,0.9290144545637,68.8799827954988,5,0.45590378,0.0034573900162747,0.0145101566808012,
PID11,1,True,3,4.2805114,0.161869546798531,-4.16329053368002,-9.23462769855382,-7.0,-10.0,2.93814828695394,4,0.754269925,1.07118798549911,54.811499229195,4,0.6891656,0.0081264049603408,0.015049841110496,
PID11,1,True,3,4.4579245,0.216776792421573,-8.3744227700701,-7.34749747099246,-7.0,-10.0,2.98744165085757,3,1.22406603333333,0.936593584976246,355.6728290225,3,1.0587662,0.0056385347969833,0.0133504837802509,
PID12,1,True,1,8.3667189,0.373786985681831,11.3797926578514,-7.76370084361524,8.5,-8.5,2.97243035240653,10,0.64384153,1.31475903765776,338.650012099679,10,0.47695375,0.0049716278508195,0.0157869286528555,0.987429329144151
PID12,1,True,1,60.3069419,2.85288716987009,7.93193292496107,-11.4057741495667,8.5,-8.5,2.96078091219754,58,0.656292106896551,1.23644743654054,132.176279083823,49,0.851677857142857,0.0042642383811455,0.0179128333043184,
PID12,1,True,1,4.8757715,0.215772886022772,8.9801292261999,-11.419637909792,8.5,-8.5,2.95885275033181,6,0.57433995,1.14189837227295,112.705820063043,5,0.6976011,0.0044729883365577,0.0192965492771602,
PID12,1,True,1,5.4216781,0.199256939249122,9.46660290894421,-5.71923390523165,8.5,-8.5,2.94397371886922,6,0.643620383333333,1.39011149784043,153.873978486955,6,0.56855745,0.0049100497575665,0.0138340396151273,
PID12,1,True,1,4.058306,0.190086624019582,7.81591055078232,-5.59017068747805,8.5,-8.5,2.98916125402142,4,0.705896875,1.24726604175718,62.4515982593709,3,0.449333566666667,0.006524606128855,0.0113135694811189,
PID12,1,True,2,6.1495147,0.386534168464429,-8.50344308186718,9.47602508074325,-10.0,7.0,2.89316138673265,5,0.79135402,1.09893643709277,200.153130915306,6,0.411001266666667,0.0074865757212402,0.018358700158101,
PID12,1,True,2,5.8958512,0.176140794210987,-7.69652212858247,5.15881614398816,-10.0,7.0,2.94889272367593,5,0.723566,1.27153456337044,300.584602116897,6,0.66563395,0.0040498542724937,0.0130269070513311,
PID12,1,True,2,11.1426814,0.491636034737584,-9.36863199921332,9.9310345101159,-10.0,7.0,2.99826430654599,10,0.65013183,0.89189797857622,356.689572918577,9,0.989891933333333,0.0053301167853888,0.0152623926452239,
PID12,1,True,2,3.9712129,0.179328492498261,-7.31196601153551,8.12314611401304,-10.0,7.0,2.91324285231474,3,0.9417054,1.10216050424339,285.291298489274,4,0.625645425,0.0045742970226376,0.0168868704505007,
PID12,1,True,2,13.3135545,0.525629790252089,-7.85515742106612,4.99451306034674,-10.0,7.0,2.93638000836532,9,1.07178057777778,1.04257585853658,331.190448198446,10,0.81832143,0.0029557405346875,0.0138285002354555,
PID12,1,True,3,6.4982549,0.328786728782625,-4.14693857541881,-10.67039681388,-7.0,-10.0,2.93076634696348,7,0.705325114285714,1.15610978685557,129.2041335694,6,0.62455555,0.0063450294767374,0.0171967946668362,
PID12,1,True,3,7.4591999,0.195273010473362,-5.81853049440371,-7.24679612898157,-7.0,-10.0,2.99599762150186,6,0.80621025,0.682424436905936,30.0316908449383,6,0.78451055,0.0057041036357293,0.020680417406583,
PID12,1,True,3,9.3297963,0.459495637209206,-9.38452045276126,-11.6403895033877,-7.0,-10.0,2.89427288147842,9,0.660888955555556,1.35773096541462,84.2509157122949,7,0.655486757142857,0.0035496463081657,0.0175772406678379,
PID12,1,True,3,7.5978995,0.312939200143774,-7.98696077684431,-7.17570434278078,-7.0,-10.0,2.99177832307417,9,0.563610466666666,1.23273110124361,122.291055357847,7,0.719514271428571,0.0039116883219226,0.0162837354203842,
PID12,1,True,3,10.8633035,0.348042524106595,-9.15159821820975,-7.91847304458362,-7.0,-10.0,2.9936815727008,14,0.652077078571429,1.19686074257618,153.819835878875,14,0.543477714285715,0.0059063364135967,0.0138679003156842,
PID13,1,True,1,7.7334409,0.401922903304472,9.59587431948732,-5.73396497844552,8.5,-8.5,2.97521264190943,9,0.590395233333333,1.25845666479705,228.923841068483,9,0.513450133333333,0.0055883122728031,0.0153457334034286,0.968004941882637
PID13,1,True,1,5.4298611,0.233491973124633,9.08302903768124,-5.61505448613081,8.5,-8.5,2.94326918184074,4,0.754698675,1.18613412251568,103.911070024521,3,0.978448333333333,0.0077324979137349,0.0190112010812236,
PID13,1,True,1,4.8493222,0.239705218216624,10.2792336502206,-6.12125071626155,8.5,-8.5,2.97054212846129,6,0.446134783333333,1.3275976794467,146.044118084788,5,0.7328468,0.0059444853408708,0.0198043028750696,
PID13,1,True,1,6.4544535,0.259111758002198,8.29696323484651,-5.54721894975656,8.5,-8.5,2.95975334423001,7,0.700597342857143,0.995655505752989,127.515397059789,6,0.59978795,0.0068648848812554,0.0223431470458304,
PID13,1,True,1,6.2899243,0.29700744798388,10.1375440299769,-6.15163708320485,8.5,-8.5,2.8629283677891,6,0.662155016666666,1.01020898073091,64.3778491603039,8,0.4796047375,0.0067219308720867,0.0201339325256261,
PID13,1,True,2,6.8037856,0.408381059645131,-9.39400968460256,9.93706169655344,-10.0,7.0,2.99892575295169,4,1.334076975,1.38304599764074,145.060470803333,7,0.3620069,0.006479599519566,0.0216800109093115,
PID13,1,True,2,14.3761243,0.681635955439111,-7.88438482686143,4.87843939314015,-10.0,7.0,2.99613867659587,10,1.03142662,1.07442808422088,49.5123484990953,12,0.7237261,0.0060527096272713,0.0199756138557833,
PID13,1,True,2,51.5019627,2.4402499378552,-7.10337774250102,6.50040149336891,-10.0,7.0,2.93939095230058,30,1.30797646333333,1.06132326849108,86.385598050889,49,0.705723728571429,0.0059546224816165,0.0183190477674201,
PID13,1,True,2,93.7431537,3.98258199907361,-9.63574985238604,4.09350243674553,-10.0,7.0,2.92923304898074,58,1.23550838793103,1.05320348906322,36.3999383905188,76,0.865474617105263,0.0046514678503567,0.0189431200481198,
PID13,1,True,2,20.8346426,0.460191734880044,-9.3381607613102,4.10332449246864,-10.0,7.0,2.9713229669293,18,0.897427611111111,1.15651721840859,323.081097090213,20,0.792916505,0.0060740327896908,0.0188577489149748,
PID13,1,True,3,6.1392111,0.32444633596398,-9.00652012821481,-7.89980976608424,-7.0,-10.0,2.90463802281219,3,1.782885,1.17155876259591,11.8951229147314,6,0.56694445,0.0069107492673027,0.0152108742689678,
PID13,1,True,3,6.6142822,0.364261728742872,-9.04153163761801,-7.80232908516487,-7.0,-10.0,2.99960145307799,8,0.6774376,1.28277538871137,36.6237116760551,8,0.4642366875,0.0082893655544758,0.0146313375820891,
PID13,1,True,3,11.7045619,0.339768039109855,-7.967536127455,-7.19406312159806,-7.0,-10.0,2.96806467643592,12,0.640627208333333,1.21158673026631,56.998146649777,16,0.466831475,0.0051934274274158,0.0158959379710889,
PID13,1,True,3,9.7465509,0.355044497879647,-7.32846533530508,-7.11547756609213,-7.0,-10.0,2.90316364475289,7,0.9131133,1.29276609920126,33.3702559557239,11,0.513573872727273,0.006604055739168,0.0160283253607871,
PID13,1,True,3,5.1077447,0.213336763979609,-6.12231941174748,-7.15661186741814,-7.0,-10.0,2.97576532802953,4,0.908703825,1.13716866112652,54.1392308565241,6,0.587534416666667,0.0071972502922396,0.0148543364179515,
PID14,1,True,1,44.2719206,1.47786422258911,6.16918593202306,-10.3250092215405,8.5,-8.5,2.96029607948043,45,0.582547515555556,1.24621214371876,168.868382196423,45,0.607195268888889,0.0071094385703577,0.0153355130184036,0.996407840949371
PID14,1,True,1,30.7150533,1.48375140195682,10.0903351484274,-10.9914872071969,8.5,-8.5,2.95578659377655,37,0.493226345945946,1.16125194478722,164.367563013487,32,0.5244159,0.005961830999157,0.0158552139391429,
PID14,1,True,1,7.5574532,0.493694583654517,9.21902110951838,-11.4059606979199,8.5,-8.5,2.99359298064852,15,0.38473944,0.789781589976211,183.952738902231,8,0.58025165,0.002746955566648,0.014480632101715,
PID14,1,True,1,10.0857719,0.621753974671968,8.2853378207458,-11.435773108171,8.5,-8.5,2.94361063897079,15,0.4792269,0.960804569371042,143.869786887955,11,0.611629509090909,0.0042391406359345,0.014097771520334,
PID14,1,True,1,4.4553666,0.227447395999101,9.23791952874102,-5.60185934439716,8.5,-8.5,2.9906093844826,5,0.48761626,1.19596726125165,96.4339510905567,6,0.381565966666667,0.0052316796428117,0.0117373797428223,
PID14,1,True,2,14.4978332,0.804761527920238,-9.87737392805567,4.09724644772658,-10.0,7.0,2.90534255101812,13,0.669411176923077,1.3406893326023,338.912409094507,14,0.602566907142857,0.0062609921913053,0.0149626592494857,
PID14,1,True,2,8.7004533,0.449320137662762,-10.5375245636294,9.94117195378022,-10.0,7.0,2.98988714138315,9,0.640297955555556,0.998213055619181,305.176945557872,8,0.570144775,0.0036181251729112,0.0188150808433682,
PID14,1,True,2,5.5085757,0.359217763444251,-8.9306716673839,9.78055964731768,-10.0,7.0,2.97908963195587,5,0.71444192,1.24326409345049,339.666069570992,6,0.585129816666667,0.0052433700879593,0.013403116637391,
PID14,1,True,2,4.8886004,0.287714619500422,-9.34625686559013,9.83227229080784,-10.0,7.0,2.90674154596963,3,1.00952456666667,0.62259909062323,329.584242813155,5,0.65800784,0.005719668368064,0.0102503838951981,
PID14,1,True,2,6.6300334,0.359219663499314,-9.09219814543963,9.84994656405306,-10.0,7.0,2.99103654693504,5,0.81049008,0.779345606178505,332.159333066613,6,0.665730583333333,0.0044182083951972,0.0116537259273759,
PID14,1,True,3,34.5537352,2.70540176276686,-4.15517669970792,-10.6378388178311,-7.0,-10.0,2.91545158893386,38,0.594728463157895,1.38141175049221,53.868347090235,33,0.667608227272727,0.003798944497549,0.0151734618772185,
PID14,1,True,3,34.0349486,2.17169327644647,-4.05033234387196,-9.96649050862561,-7.0,-10.0,2.94985799109382,30,0.771677443333334,0.905977196862772,29.6030955437992,34,0.596125570588236,0.0051877531012597,0.0184934992572922,
PID14,1,True,3,23.6699746,1.00178531033775,-4.21105085162024,-8.93200475851516,-7.0,-10.0,2.98644457308058,20,0.796162814999999,1.19659806768843,14.3098647447209,19,0.767208036842105,0.0054148335192911,0.0152151547774079,
PID14,1,True,3,3.1132989,0.198781876008713,-4.07360010242354,-9.87318900906245,-7.0,-10.0,2.92914618753624,2,0.8285102,1.00707489194874,312.780288289615,3,0.3709053,0.0089453146625315,0.0164540688637552,
PID14,1,True,3,15.734811,0.876903778974013,-4.68501835434549,-11.7593135468539,-7.0,-10.0,2.90763205647842,14,0.868583192857143,0.616529372853071,12.9374505282823,16,0.735934518749999,0.0041904810968157,0.0172839695258653,
PID15,1,True,1,45.6063326,3.10972864644444,10.6772363353543,-6.52909154010484,8.5,-8.5,2.93680748726796,46,0.670775065217391,1.37490144038009,24.3410089600865,39,0.788891894871795,0.0034588245280249,0.0166048904449636,0.996225029042684
PID15,1,True,1,6.5565959,0.373485005551485,7.65832535851134,-11.2562061647341,8.5,-8.5,2.8818550665575,7,0.568245085714286,1.06260752940697,142.43472515428,9,0.475906622222222,0.0055518347774427,0.0146056526404246,
PID15,1,True,1,4.6263037,0.22553344885887,6.3487431535039,-10.5751021030764,8.5,-8.5,2.98897219086903,4,0.88860605,1.34189143027506,126.871756293693,5,0.64525452,0.0043091410679601,0.019306318602486,
PID15,1,True,1,8.7352773,0.263282918688942,6.01379122422772,-6.98761792952902,8.5,-8.5,2.91007450141903,9,0.715890955555555,1.09591276955811,105.567629490982,11,0.551227063636363,0.0051087853232398,0.0157067584754415,
PID15,1,True,1,6.8020216,0.18441651742824,7.55096171427471,-5.74588664736716,8.5,-8.5,2.91304205718402,8,0.679995175,1.08966236898789,136.843234180413,10,0.50567996,0.0101732002100393,0.0152806357912258,
PID15,1,True,2,29.7965949,2.39986752173883,-11.3903613001643,4.37772420540625,-10.0,7.0,2.96806921885372,38,0.588825610526316,1.34391677354653,247.100377342575,26,0.820769511538462,0.0054123063471312,0.0184952683769001,
PID15,1,True,2,6.4700264,0.304626096754383,-11.5906542528037,4.48593507293666,-10.0,7.0,2.97501317803008,7,0.716061457142857,0.954485170232222,290.022458150385,5,1.04351,0.0036479922279656,0.0155546835551033,
PID15,1,True,2,10.5458651,0.493616588345204,-7.12514731087902,6.14858335079985,-10.0,7.0,2.9982808898903,11,0.665400745454546,0.966821926147089,341.81520263728,14,0.471653157142857,0.0047720969386555,0.0151605813187755,
PID15,1,True,2,8.186635,0.252918581460659,-11.1073272787101,9.72766949640381,-10.0,7.0,2.94386728365723,5,1.19211544,0.637412399197736,13.1865677183316,10,0.5664533,0.0044565208307493,0.01627408068748,
PID15,1,True,2,5.8355288,0.196737144363144,-9.35995816740481,4.12894004970912,-10.0,7.0,2.94153680677908,6,0.685714283333333,1.16327074774279,348.64312311088,5,0.74112358,0.0049237904113723,0.010589134180248,
PID15,1,True,3,20.1335848,1.15805421023284,-8.65351149269963,-7.53008831926756,-7.0,-10.0,2.97229944102345,22,0.664353804545454,1.35191780624613,39.5848788392363,19,0.747224089473684,0.0046743422198521,0.0162397241436142,
PID15,1,True,3,6.8596877,0.214673740211812,-7.10926915714516,-7.00909640919581,-7.0,-10.0,2.99289893551196,7,0.5863602,1.08805582550747,84.8091709631931,7,0.6803134,0.006997423932671,0.0109290701249037,
PID15,1,True,3,5.3445344,0.233588319104744,-9.83912566270338,-10.7003013277386,-7.0,-10.0,2.92421895183197,6,0.5213032,1.17299365791846,86.2247135219937,9,0.4152496,0.0056382458275292,0.0134539246667208,
PID15,1,True,3,4.0571349,0.183893946243433,-4.23751617551161,-10.957407750319,-7.0,-10.0,2.92368713800416,4,0.6368048,0.958567344942294,65.5194622320508,5,0.46266704,0.0058848918715775,0.0158064298026249,
PID15,1,True,3,3.7332877,0.177445577817845,-6.68278644251169,-7.08789999283806,-7.0,-10.0,2.92932601339744,3,0.8446957,1.14869303182811,43.1216374657365,4,0.62935985,0.0061788185145591,0.0118283933109374,
PID16,1,True,1,16.7767271,0.339027604848767,9.16655689627526,-11.4215070743419,8.5,-8.5,2.9965816660658,13,0.92840793076923,1.26890086861156,114.302222267052,18,0.651463222222222,0.006523479332783,0.0145479356381811,0.987428547332307
PID16,1,True,1,27.2499864,0.703785574454674,7.65116984958896,-11.3432914242949,8.5,-8.5,2.96729148344338,25,0.756347628,1.02884000338575,156.98142726078,26,0.827186226923076,0.0067860282765245,0.0172692180418658,
PID16,1,True,1,23.7110596,0.506334744838432,10.9113432637757,-10.2829829714268,8.5,-8.5,2.99893391260206,28,0.602235875,0.57197548419478,178.897630539696,20,0.949201489999999,0.0043453048698268,0.0163068136960251,
PID16,1,True,1,5.2740142,0.17945727637011,8.29288971146494,-5.53886661244429,8.5,-8.5,2.96836749923493,5,0.87331332,1.39419329280632,244.184163612935,6,0.594915583333333,0.0025355656057298,0.01648137380903,
PID16,1,True,1,5.4395827,0.2987519949394,6.18834136031135,-6.73013733267842,8.5,-8.5,2.91138790401174,4,0.898560325,1.33387722461081,36.8709452590827,7,0.496430828571429,0.004922418731499,0.0108287589735144,
PID16,1,True,2,58.4557344,2.73161775616201,-9.95387548815867,4.05808610132468,-10.0,7.0,2.94227545580145,49,0.755548108163266,1.28812729903023,253.396747758355,53,0.797086420754717,0.0052211802332258,0.0192903399007611,
PID16,1,True,2,10.1881439,0.462507365539674,-7.11503390727044,6.398175739812,-10.0,7.0,2.94707003587463,10,0.53644959,1.15024396063643,307.809722828032,8,0.7949842,0.0050725494836042,0.0156072918081518,
PID16,1,True,2,7.608841,0.192546280783007,-7.59443053807371,5.25469044259231,-10.0,7.0,2.97201444938126,8,0.7657031125,1.1864597416556,321.123050334356,6,0.92654555,0.0051383288482631,0.0185217680917884,
PID16,1,True,2,8.18566,0.189850232246909,-7.29482941398201,8.22764687183791,-10.0,7.0,2.97070105217444,8,0.763249575,0.885097509037114,314.26913605166,9,0.666041588888889,0.0063329351208875,0.0195949770492104,
PID16,1,True,2,25.6443628,0.421633583889579,-7.22365190088459,6.01730600178435,-10.0,7.0,2.94513094133194,18,1.17044864444444,0.765057640252815,317.780609528637,26,0.780373065384615,0.0049604599909571,0.0185450689181247,
PID16,1,True,3,19.2840335,0.580726097084168,-5.47107546974552,-12.5088479231134,-7.0,-10.0,2.93801431591545,19,0.881075663157895,1.30812300179855,280.898285560273,21,0.666687509523809,0.0048181236891592,0.0165557916277839,
PID16,1,True,3,21.618287,0.995373444502814,-7.95022978262566,-12.7785171521122,-7.0,-10.0,2.93651054899698,23,0.668902469565218,1.37060869086872,235.307794925661,23,0.688012839130435,0.0058762437725814,0.0168103142437133,
PID16,1,True,3,8.6492368,0.28064202439503,-9.78631986363921,-8.9030449031372,-7.0,-10.0,2.9944763928012,9,0.681951777777778,1.07292008403345,47.7939758703246,8,0.6776330125,0.0055949128525063,0.019843582652552,
PID16,1,True,3,27.9202688,0.685080151019563,-4.53390423068319,-11.6838783391044,-7.0,-10.0,2.98614711699664,30,0.72204219,1.10372393174862,1.49786713967566,31,0.631844558064516,0.0055186125277125,0.0173326867920471,
PID16,1,True,3,10.8788155,0.194505394269951,-6.86497800995345,-7.04015825614311,-7.0,-10.0,2.96291985826042,8,1.200929175,1.00441257773842,33.4261309354191,13,0.696731692307692,0.0051247714876814,0.0155492368633653,
PID17,1,True,1,5.2101113,0.277444888162019,6.1787183866691,-10.2480549976282,8.5,-8.5,2.90586383079472,6,0.536454816666667,1.18868394148423,79.8666174028568,6,0.51195085,0.0058143308271934,0.0153990208862156,0.991181832412874
PID17,1,True,1,7.8114743,0.318490783952187,5.53559500108427,-8.92141128675075,8.5,-8.5,2.99420848809789,9,0.550866033333334,1.21318546448526,108.739864005799,7,0.484084985714286,0.0049903157572185,0.0168845349279333,
PID17,1,True,1,3.3913169,0.170862381435804,5.74015418212704,-7.38514266300256,8.5,-8.5,2.97651739794813,4,0.518480575,1.04461680963289,139.228351636218,4,0.43830775,0.0066492089209971,0.0191749279830739,
PID17,1,True,1,3.0522579,0.181137868415379,8.3529077231095,-5.60035144573266,8.5,-8.5,2.90337697796643,2,0.9251388,1.21838374685072,200.524187290434,2,0.88933725,0.0017134424733493,0.0188747588530825,
PID17,1,True,1,4.8985653,0.222758065002025,5.60400149011717,-8.30950392670166,8.5,-8.5,2.90225707393154,6,0.532521383333333,0.973309858607193,56.8453460221188,5,0.55238234,0.0057472149061293,0.0117856396947606,
PID17,1,True,2,23.6259244,1.65875281275237,-11.0034992720615,4.23253017763108,-10.0,7.0,2.94379007518381,22,0.788101145454546,1.271212781887,199.695531792898,14,1.13150280714286,0.0018476331066187,0.0194042683279547,
PID17,1,True,2,5.2219642,0.275319904707316,-10.4183966368435,4.11501254829763,-10.0,7.0,2.91516866445186,5,0.66761012,1.1544085841686,330.064810197986,5,0.63301174,0.0038964477216767,0.0135836886165343,
PID17,1,True,2,3.9762549,0.185489977954597,-10.5189616096586,4.0463260865336,-10.0,7.0,2.99891826153887,2,1.1256065,1.05642956574239,30.7292576380717,2,0.9237631,0.0042919163731922,0.0197738263888334,
PID17,1,True,2,3.7579066,0.18203932003086,-7.25803644261125,8.03912429480518,-10.0,7.0,2.93225910350745,1,0.7931927,1.49011611938477e-08,349.154155852734,4,0.7081694,0.0034005093200485,0.017911373243105,
PID17,1,True,2,3.4910982,0.177858507266483,-7.16800991582606,6.19609340464989,-10.0,7.0,2.94388071275093,3,0.8819616,1.12682645908574,209.463887402374,3,0.856117666666667,0.0044359772223625,0.0110056608661751,
PID17,1,True,3,5.7918412,0.374046519945709,-4.05851171838768,-10.4754947326908,-7.0,-10.0,2.97967255779545,9,0.493544188888889,1.26374658491478,150.445064470921,6,0.434908166666667,0.0036986091415566,0.0169688959759261,
PID17,1,True,3,3.4815932,0.177757741427439,-4.791160961474,-8.13271144891398,-7.0,-10.0,2.89235828194458,4,0.4979776,1.29650391728294,10.1196208713546,4,0.546893725,0.0074853863227236,0.0119027557290453,
PID17,1,True,3,3.8312523,0.21031548765303,-9.24317870259553,-8.05060938851268,-7.0,-10.0,2.97186380036722,5,0.60389742,1.09617936580422,104.79129188369,4,0.63002105,0.0044500605811404,0.0181828270342643,
PID17,1,True,3,3.5474999,0.199084603985011,-4.66017798079259,-8.1426224361911,-7.0,-10.0,2.987409997993,4,0.468149175,1.00339362001445,58.119199295661,4,0.47674705,0.0067654761914683,0.0148426705493237,
PID17,1,True,3,3.2922036,0.186435544530796,-7.937983522449,-7.16801255585039,-7.0,-10.0,2.98328107495872,3,0.687444033333333,1.03791227800345,7.40690623740304,3,0.580394933333333,0.0052615248025519,0.0108833422085947,
PID18,1,True,1,25.2593393,1.38751543456596,11.2241745891236,-7.50260455313243,8.5,-8.5,2.90102134936279,26,0.452454003846154,1.32811461309697,243.791111128908,22,0.567179368181818,0.0052867019965429,0.0153348594596186,0.964302466868406
PID18,1,True,1,11.6068265,0.499596344022644,9.74806677604322,-11.1541379115927,8.5,-8.5,2.9329368781507,11,0.560870027272728,1.0215085268071,114.627632534036,9,0.690945411111111,0.0045969801270422,0.0178039980671179,
PID18,1,True,1,4.2381402,0.178780890819833,6.29293921932146,-10.4964086286473,8.5,-8.5,2.97603170382085,5,0.59872814,0.912336235922538,158.487484004449,5,0.53775744,0.0035776873021756,0.0127682766864171,
PID18,1,True,1,4.3965969,0.195594555653708,8.50240885503503,-5.56867660213058,8.5,-8.5,2.93132438762401,6,0.361703083333333,0.872215156931627,141.329419802549,6,0.495254516666667,0.0046110719232838,0.0155208141332552,
PID18,1,True,1,4.1232746,0.170721037536255,6.30097188917901,-6.48240427670246,8.5,-8.5,2.98436209848092,5,0.46500384,0.973208317765382,130.571860411748,6,0.496071216666667,0.0063021492937322,0.0124110839117733,
PID18,1,True,2,33.2164947,1.88214355740528,-11.57622998177,4.47482591339995,-10.0,7.0,2.97674404728843,30,0.6015425,1.3215679200893,166.967783076204,31,0.583657887096774,0.0043390292728005,0.0165365723113821,
PID18,1,True,2,3.6985869,0.185698380596876,-7.12077830069967,7.72668049413354,-10.0,7.0,2.96950873618449,4,0.404474,1.029457379214,316.939783815911,5,0.5382679,0.0029955541504484,0.0118492947616628,
PID18,1,True,2,4.705053,0.256340447072216,-12.0847986476808,4.94190456925139,-10.0,7.0,2.92952934845174,5,0.34390166,0.958385035202088,346.967439973945,4,0.640921,0.0042290442393864,0.0143644908435423,
PID18,1,True,2,3.694218,0.178637634527863,-7.31528208203119,5.72943475249939,-10.0,7.0,2.97019298147764,5,0.4225521,1.24088656216666,323.545511049501,3,0.742550933333333,0.0007863794979315,0.0175019868994453,
PID18,1,True,2,6.3744653,0.422165619431175,-8.18025162906091,9.33356571783818,-10.0,7.0,2.9592250831941,8,0.3688998375,0.693711782715119,337.755846013029,7,0.5231095,0.0035737126281436,0.0139981855664112,
PID18,1,True,3,34.7034634,2.19905652844812,-9.51886029068796,-11.4774634036096,-7.0,-10.0,2.92019781402055,29,0.562593068965518,1.23663981030819,333.373920620434,34,0.525439388235295,0.0034888040034653,0.0161473662037313,
PID18,1,True,3,5.7951583,0.314879565076987,-7.36388104550024,-7.05155874946295,-7.0,-10.0,2.97081053302678,6,0.32202115,1.02685308398493,67.8529918557373,5,0.38504728,0.0073022820728211,0.012089576098725,
PID18,1,True,3,4.3534663,0.173871613517128,-6.66393773769016,-7.10865039883912,-7.0,-10.0,2.91081438093912,5,0.5420153,0.896374352250751,96.5857926025043,5,0.51082102,0.0040550853828569,0.0132971126310307,
PID18,1,True,3,5.7572296,0.333492983330119,-4.11372316190125,-10.0836467218815,-7.0,-10.0,2.88748865975727,7,0.337242171428572,1.06435003972142,77.4041124299524,5,0.38388934,0.004987952028882,0.0166062036496222,
PID18,1,True,3,4.7893949,0.2849291776752,-4.12297235425301,-9.66338925228323,-7.0,-10.0,2.89665235571529,5,0.5253306,1.09787702307217,83.4017361407902,2,0.57430305,0.0053930882061115,0.0119624035700829,
PID19,1,True,1,6.668619,0.479238710508906,9.55503953039754,-11.2660828267414,8.5,-8.5,2.96045986547614,9,0.472030977777778,1.17608310808451,317.909355596298,6,0.990952983333333,0.0057298268360099,0.0181599152166971,0.997147719230341
PID19,1,True,1,4.2857729,0.249357730885253,5.53981011111385,-8.86868075052085,8.5,-8.5,2.98306045431004,3,0.992730466666667,1.29808461176487,337.437438239373,4,0.693372425,0.0066093787936301,0.0159103451026138,
PID19,1,True,1,4.4861584,0.316132650003191,6.77974585127073,-6.05594113896988,8.5,-8.5,2.9887619598088,6,0.5110003,1.17809070494928,149.529392914987,4,0.672776675,0.005112193694568,0.0189812648449277,
PID19,1,True,1,3.1266309,0.188896734508698,7.90955371694971,-5.60147491173409,8.5,-8.5,2.95805248440165,3,0.5429335,1.15050827969707,120.718022941717,3,0.5677937,0.0049385287653898,0.0156293868443756,
PID19,1,True,1,3.3160904,0.172276719682224,5.87964681175188,-7.35825564963901,8.5,-8.5,2.85829162136115,3,0.883006066666667,1.03298152824266,120.072354428219,3,0.922019533333333,0.0063967013669385,0.0101938983582628,
PID19,1,True,2,5.0770998,0.422750457635591,-10.1763645031811,9.97449522145776,-10.0,7.0,2.97971915798409,5,0.70166568,1.26271294750349,44.4379734176708,2,1.9487073,0.0007304773017437,0.017581820176143,
PID19,1,True,2,2.5843532,0.177869336983749,-7.5400244024545,8.63484072461451,-10.0,7.0,2.95367299059619,2,0.68035605,0.342942996378703,340.571650500487,3,0.720901066666667,0.0038611479029312,0.0139916436868962,
PID19,1,True,2,10.9723416,0.89412373641646,-12.2977325716629,5.12925922246894,-10.0,7.0,2.96297924859393,12,0.5233171,1.11994960117401,11.4009009095579,12,0.593698366666666,0.0037423728917393,0.0171226693491797,
PID19,1,True,2,4.1527887,0.279320992797221,-11.0040852771616,9.76869572128023,-10.0,7.0,2.94514231249496,3,0.533829733333333,0.800753344904051,17.4997823622706,4,0.736006725,0.0053117240770259,0.0215695386661444,
PID19,1,True,2,3.1295856,0.201810631847464,-7.1633446779193,7.8223042087518,-10.0,7.0,2.95343827225485,2,0.7506539,1.21226943186812,233.963420230787,4,0.460937225,0.0079491408076205,0.0174865225448963,
PID19,1,True,3,3.7134124,0.289447013627504,-7.02957253689512,-12.9781305525402,-7.0,-10.0,2.97827737507969,4,0.6352941,1.29376293474454,260.605923346393,3,0.976893266666667,0.0030542731465324,0.0169475441524783,
PID19,1,True,3,5.1727852,0.369886207108943,-4.2515068280746,-11.1411036436633,-7.0,-10.0,2.97595904570311,4,0.818730525,1.15330459597438,50.3080708512234,5,0.94311074,0.0057611980244403,0.0102475428298513,
PID19,1,True,3,2.6626211,0.209897197802763,-7.15026492918281,-7.04429328833273,-7.0,-10.0,2.95952389994358,3,0.5414373,1.14089891894645,280.105132164557,3,0.759912866666667,0.0050233970269195,0.0188273920132533,
PID19,1,True,3,2.6707599,0.196609416714692,-4.02305921257434,-10.2982959357876,-7.0,-10.0,2.99184841145835,3,0.597938266666667,1.06507279490478,81.7379123348908,3,0.538452966666667,0.0065648269605038,0.0155676506214034,
PID19,1,True,3,2.7096647,0.173529654933944,-4.31096861838072,-8.94051022827824,-7.0,-10.0,2.89022634887241,3,0.683617366666667,1.16564215876437,91.513720377608,3,0.686015266666667,0.0040860669481656,0.0140714731664931,
PID20,1,True,1,5.7103126,0.33443172629974,8.67948841760066,-5.51521027840034,8.5,-8.5,2.99018156208277,5,0.9310351,1.28447101784048,353.54217156861,6,0.297148933333333,0.009152492222784,0.0188093847418375,0.997731682881367
PID20,1,True,1,12.4062406,0.822887393974041,8.03219827423308,-11.4039259858342,8.5,-8.5,2.94136440888132,8,0.9087769375,1.33304468347946,110.343725225798,11,0.742050190909091,0.0054537412944735,0.0189856108629038,
PID20,1,True,1,13.4771475,0.899190163500428,10.1547931564339,-6.13764198448829,8.5,-8.5,2.88428080880364,8,1.2551849875,1.38500472573751,205.293351795933,14,0.556686228571428,0.0058690303583976,0.0193443116677074,
PID20,1,True,1,10.8258509,0.777130869323806,6.63233418969686,-6.17916320518285,8.5,-8.5,2.97900302234698,7,1.04988864285714,1.30910660070065,66.2828695988285,12,0.614965241666666,0.0045570396926948,0.0193392565561761,
PID20,1,True,1,8.4291869,0.537900087239342,10.4149542263193,-6.37374340658989,8.5,-8.5,2.8614710884295,6,1.00747193333333,1.3187583871,216.194564546918,9,0.605012255555555,0.0052985532255013,0.0200344224246443,
PID20,1,True,2,13.5839985,0.959896436676142,-7.06115985630469,7.54580533960098,-10.0,7.0,2.98909432084904,10,1.06432406,1.2692692297486,242.47213258865,10,0.89839978,0.0040384751279369,0.0198848669991394,
PID20,1,True,2,15.8902427,1.20943530000906,-10.8942724545702,4.17200514238085,-10.0,7.0,2.96602058956499,10,1.07126787,1.3494155079355,79.5503736965357,15,0.719565326666667,0.0048207827854938,0.0170605216280396,
PID20,1,True,2,14.7494805,1.02863276504414,-12.9316652382455,6.51955507865984,-10.0,7.0,2.97077235606815,9,1.0899842,1.21409551728599,83.721692744524,12,0.709124083333334,0.0055563060926307,0.0216835281998757,
PID20,1,True,2,5.7432591,0.295746739540767,-7.945779171716,4.98552315317125,-10.0,7.0,2.87714097286957,5,0.66585388,1.26207119502903,239.408421932537,5,0.68500218,0.0075524604404562,0.0206053688472896,
PID20,1,True,2,7.9782971,0.502049950574491,-7.78384879918733,8.96960983211556,-10.0,7.0,2.96490961677244,6,1.02894275,1.04522938363979,192.41345616377,10,0.46278227,0.0067954083571907,0.0184142310815899,
PID20,1,True,3,7.5376912,0.434803148504218,-7.24342823467943,-12.9326945043186,-7.0,-10.0,2.94278003953743,8,0.720855725,1.34230669030563,40.8138973773199,9,0.343930166666666,0.0079888134498462,0.0188027945058668,
PID20,1,True,3,4.6076235,0.223334345582806,-4.13166508955306,-9.6137750644763,-7.0,-10.0,2.89422094168861,4,0.723168675,1.02371595078753,240.769921287377,6,0.432992616666667,0.0078905348911773,0.0224566989272471,
PID20,1,True,3,10.3161583,0.541083308044894,-9.30116148461371,-8.15366296582915,-7.0,-10.0,2.95030585228386,8,0.7544924625,1.1394000579447,334.387863898244,14,0.412170207142857,0.005079358291819,0.0198281557516526,
PID20,1,True,3,4.9000224,0.247264954650148,-4.15493138591522,-10.9144342407401,-7.0,-10.0,2.98841185238718,3,0.9223692,1.21248576997129,260.857354444964,6,0.449585733333333,0.0057000267230145,0.0161535493421109,
PID20,1,True,3,3.2762856,0.175854166561328,-4.21267471963251,-8.98102024374325,-7.0,-10.0,2.96774358094441,3,0.839664266666667,1.05436009667879,13.8530131963024,3,0.6347947,0.0074219615592995,0.0147616448921083,
PID21,1,True,1,19.6231945,1.25390941163417,7.67715385694875,-11.3453667224817,8.5,-8.5,2.96195671145625,15,0.652655466666667,1.28732551088,64.4808650259629,17,0.754402123529412,0.0029601420249522,0.0171038587473506,0.962692088065195
PID21,1,True,1,9.5559599,0.401014215995087,8.40719640611584,-11.4809612159213,8.5,-8.5,2.98240545162207,5,1.18276064,0.88163892839397,176.081290628585,6,1.16067538333333,0.0042237383021311,0.0176115608665808,
PID21,1,True,1,11.111747,0.487044260327818,7.61854760354019,-11.3109535386734,8.5,-8.5,2.94591549841562,10,0.60964153,1.11094204798672,184.970202974894,7,0.805295557142857,0.005198546767182,0.0168319617688371,
PID21,1,True,1,6.4718462,0.422133196168895,10.1493662663998,-10.8942263815864,8.5,-8.5,2.90735774321327,6,0.480869533333333,0.93429088470087,175.401249370238,5,0.91742136,0.0041776642277865,0.0152795567821737,
PID21,1,True,1,3.2244142,0.184419303422625,6.12928121669628,-6.75940980393294,8.5,-8.5,2.94108173639459,4,0.576165925,1.2580987708958,48.8992014164421,3,0.654476333333333,0.0050893971831626,0.0130242312860848,
PID21,1,True,2,24.8220464,1.59158573492017,-7.36053498404684,5.61608910917069,-10.0,7.0,2.9802659150144,19,0.934422057894737,1.29124662759288,162.49971310552,20,0.70244961,0.0051279003377012,0.0200717655356754,
PID21,1,True,2,48.1976374,2.7628461706485,-7.78466583381161,5.03477000018151,-10.0,7.0,2.96139062267513,32,0.802859928125,1.30574957855784,61.1041269555758,41,0.668019034146341,0.0063657795200775,0.0184118505672562,
PID21,1,True,2,7.4056048,0.169909651503342,-8.92291015479244,4.29701948026492,-10.0,7.0,2.90967802767189,7,0.8587034,1.24927248701847,31.8222855160054,10,0.61023415,0.0056108299997066,0.0204127459847918,
PID21,1,True,2,4.2505162,0.198711137384732,-7.60114076658862,8.76519823588026,-10.0,7.0,2.97833014182072,6,0.460630216666667,0.86373151565957,319.734974346181,4,0.7626956,0.0031284990770693,0.0189048557144657,
PID21,1,True,2,4.3962737,0.177321054715333,-7.07107179997815,7.30274755939388,-10.0,7.0,2.94453332220951,4,0.691307775,1.06878492268172,310.743602617344,5,0.74379716,0.0060328749731348,0.0162691184005694,
PID21,1,True,3,9.6474811,0.343864538928275,-9.82586959684685,-10.7404711725934,-7.0,-10.0,2.92127310188987,8,0.7945369125,1.24229576300049,35.829380245678,9,0.629711222222222,0.0061655538676156,0.0148454880642204,
PID21,1,True,3,26.9190193,1.51594325636979,-5.66956586782998,-12.6801863613806,-7.0,-10.0,2.99223226233752,22,0.749092581818182,1.38501303263854,232.594438826747,32,0.51966824375,0.0063628086735229,0.0194560053922346,
PID21,1,True,3,15.5421028,0.946457244113538,-8.15454127180737,-7.29158932996936,-7.0,-10.0,2.94422382060916,15,0.587355953333333,1.18941760759939,245.066667173801,16,0.613551975,0.0053785659868409,0.0214913073568491,
PID21,1,True,3,123.66798,7.20196178349039,-4.4342958867684,-8.70192187842733,-7.0,-10.0,2.87538595780796,122,0.62516541557377,1.38864795102133,340.755247954787,114,0.669224147368421,0.0044980382066674,0.0197309994149603,
PID21,1,True,3,8.0027744,0.28274335408607,-6.06378364791464,-7.16076264392669,-7.0,-10.0,2.9896103127388,7,0.631183385714286,1.08838607845853,324.775537304794,6,0.89401965,0.0056550344436446,0.0165180738995498,
PID22,1,True,1,8.4703444,0.335119494503395,9.40067051389696,-11.254009539467,8.5,-8.5,2.89754653423869,7,0.813800357142857,1.26620817705635,103.314148882332,6,0.823694533333333,0.0055126522564172,0.013643927786465,0.998253892349737
PID22,1,True,1,10.014682,0.410923685397128,7.59055238919168,-11.2935227526646,8.5,-8.5,2.93783327070477,8,0.785562675,1.11886033860144,158.728888398099,7,1.27060831428571,0.0078657237354707,0.0165014016396074,
PID22,1,True,1,5.0228495,0.193430394636827,5.70283210988768,-9.1963095173668,8.5,-8.5,2.88253276641411,6,0.733692966666667,1.33389905100865,173.132652813809,6,0.69148095,0.0051139399016597,0.0185414576631976,
PID22,1,True,1,12.626216,0.546397985694508,6.97993847594964,-11.0583013192856,8.5,-8.5,2.97581798454757,12,0.789594491666667,1.04654001971314,171.375580890201,11,0.8016625,0.0030131384152697,0.0164315520433941,
PID22,1,True,1,4.6345248,0.198077057918819,5.53138282369598,-8.47630191565961,8.5,-8.5,2.96871176415775,4,0.826225075,1.03385715941807,178.315330399862,5,0.6055527,0.0052224621537474,0.0121505541165189,
PID22,1,True,2,9.2611677,0.361043903991423,-11.1729540624781,4.35820566082543,-10.0,7.0,2.89048413992857,6,1.30304276666667,1.24080781271117,282.758472891947,7,0.983196557142857,0.0055011539215661,0.0173323417532771,
PID22,1,True,2,16.3014882,0.77522502743429,-7.25011555854693,5.8163445793564,-10.0,7.0,2.99381104884136,9,1.32349238888889,1.04024109317042,288.560037329152,11,1.04521918181818,0.0028584148194519,0.0196972286202262,
PID22,1,True,2,22.4253695,1.13555274677271,-11.2438458500681,4.35684530810172,-10.0,7.0,2.92120167465985,19,0.822432910526316,1.08071906302545,268.44857136785,21,0.775096066666667,0.004267056026729,0.0178731718872629,
PID22,1,True,2,4.3108986,0.166259728765974,-7.07172332696897,6.97827309754314,-10.0,7.0,2.92835727535218,4,0.740185775,1.40276147159324,22.0011276180597,4,0.655963175,0.0051589555350144,0.0202263243774506,
PID22,1,True,2,6.8841492,0.217653835429261,-7.32515358916222,5.65861038673222,-10.0,7.0,2.99234513653664,4,1.3458166,1.32372831713046,13.7225652621547,7,0.695768728571428,0.0054032408475682,0.0171935512829184,
PID22,1,True,3,6.8442584,0.198231013927314,-4.15389424227275,-10.7754021287048,-7.0,-10.0,2.94984176615767,7,0.782682857142857,1.30526029424486,41.7455998030733,8,0.5975211625,0.0027011124363792,0.0168563335041043,
PID22,1,True,3,70.8370349,5.51763282286205,-6.4355199046687,-7.15797633104226,-7.0,-10.0,2.89753969997673,50,0.939003922,1.36052260484259,340.991422322778,60,0.725367856666667,0.0049176423147284,0.017963319478084,
PID22,1,True,3,4.1055583,0.171255398734472,-6.98158889943092,-7.11131034499026,-7.0,-10.0,2.88874832610674,3,0.716777133333333,1.15878316663436,66.724358164923,3,0.619136033333333,0.0003088483525099,0.0169752721414935,
PID22,1,True,3,9.320751,0.49966502161921,-9.00463742242059,-7.83619783591588,-7.0,-10.0,2.94967981324485,8,0.753708025,0.945892140378788,88.4084738859616,7,0.802215185714286,0.0029682546755823,0.018132857155653,
PID22,1,True,3,5.6605553,0.31703946739421,-9.50924896369273,-8.41013526176119,-7.0,-10.0,2.97052188136836,4,0.85090325,1.13705865138809,47.7860005816721,6,0.58523155,0.0084628211567131,0.0188784824167833,
PID23,1,True,1,78.4248304,3.78902835489044,8.60743405056901,-5.53684603899705,8.5,-8.5,2.96510092101924,88,0.378501268181819,1.37166769381731,209.233086947566,80,0.384952107500001,0.0071353483906844,0.017807714699172,0.926537194388318
PID23,1,True,1,9.6306567,0.441532614370506,5.64472124834696,-8.04749463882404,8.5,-8.5,2.8909129788934,14,0.368641028571429,1.281461463634,138.081751798,10,0.40104832,0.0053818431713801,0.0168241551588102,
PID23,1,True,1,5.0391939,0.197692194594011,5.5158433302638,-8.47161417860667,8.5,-8.5,2.98429167213716,5,0.35163236,0.952848253594602,107.984528553447,4,0.30597845,0.0029982873139285,0.0145590517081246,
PID23,1,True,1,6.1896456,0.343313890127476,5.74234618364968,-7.43031233345935,8.5,-8.5,2.95785163163751,6,0.684288433333333,1.23857388492196,193.379444005012,8,0.503642425,0.0044215161179886,0.0148065799368736,
PID23,1,True,1,4.4616862,0.240223469861792,5.68217954201606,-9.47852781898302,8.5,-8.5,2.98288934188925,7,0.475534,1.14325818921878,179.657360361768,9,0.357083644444444,0.0062454154954153,0.0126090255502866,
PID23,1,True,2,5.4562581,0.306887368148978,-8.30582905784633,9.4346641193236,-10.0,7.0,2.96610932960328,6,0.566768283333334,1.26527607183376,253.78993156721,8,0.3736425625,0.0076511032452271,0.015580907970118,
PID23,1,True,2,4.3877585,0.253183352784547,-7.18486245186216,7.49185573322644,-10.0,7.0,2.85778261546312,4,0.417478,1.28249619410197,255.717316987629,3,0.632105733333333,0.0028637238515173,0.0094006881056446,
PID23,1,True,2,8.637493,0.386513147550237,-10.3821839411237,4.05398105804484,-10.0,7.0,2.9707056688961,8,0.44978735,0.829041044872274,13.2205499282539,6,0.633084466666667,0.0058473248195085,0.0144728674650928,
PID23,1,True,2,8.2599895,0.280968401584876,-7.46890808842999,5.4439170353847,-10.0,7.0,2.97116483177576,11,0.461239581818182,1.08312816380552,357.569891395517,11,0.486256309090909,0.0070979508689216,0.0168277386606263,
PID23,1,True,2,5.3488196,0.267941634229052,-8.41076490666549,4.47355163784745,-10.0,7.0,2.98472938614361,10,0.29463563,1.13149499272178,349.454819247807,9,0.302146377777778,0.0045424952461241,0.0113041278528079,
PID23,1,True,3,5.9274581,0.283370998232611,-9.50713929101669,-8.44966435366613,-7.0,-10.0,2.94775983432387,6,0.607850016666666,1.24534069607679,45.4726674243736,8,0.32725,0.005615343177969,0.0140810165917932,
PID23,1,True,3,7.2535545,0.322287841725735,-6.93043316443395,-7.04834716645466,-7.0,-10.0,2.95247252220692,9,0.457743844444444,1.2617287967806,358.923388390335,13,0.316784876923077,0.0068851419471955,0.0133547945119465,
PID23,1,True,3,4.5552065,0.212794667648254,-6.87458408419963,-7.05500563028507,-7.0,-10.0,2.94766364933123,4,0.495399475,1.02812768075484,112.257203005222,5,0.5273249,0.0037187056626713,0.0155404527014477,
PID23,1,True,3,5.3463176,0.217199037665745,-6.26781109705982,-7.12925438243362,-7.0,-10.0,2.96264763182619,5,0.35530986,1.20309417491873,59.1140496180404,4,0.5171,0.0080405698468301,0.0145329970499047,
PID23,1,True,3,4.3167197,0.196925641984218,-6.70647840460419,-7.10292422628486,-7.0,-10.0,2.91190710112992,5,0.58072484,1.05347184432146,61.5998879502814,7,0.445161014285714,0.0036642487885975,0.0124853738961794,
PID24,1,True,1,74.6620731,1.82315016320972,10.7494680843755,-10.4501735411484,8.5,-8.5,2.97712671937543,49,1.09552406326531,1.26625149401249,145.319790473434,78,0.66131498974359,0.0053493560920409,0.0185374941568385,0.988841401244017
PID24,1,True,1,35.8536656,0.942973947894415,8.18723663799777,-5.54823071345255,8.5,-8.5,2.9682929170848,32,0.820965525000001,0.9843936008262,210.046835080388,31,0.724527035483871,0.0053324777242257,0.0182491727952354,
PID24,1,True,1,56.1528472,0.977634067665647,5.51122079477479,-8.42859263865824,8.5,-8.5,2.98963210928041,47,0.849832621276596,1.15926736410971,236.955538049823,65,0.645696767692308,0.0059453056108771,0.0187928544424731,
PID24,1,True,1,41.2365727,0.416113894457102,9.33876231142877,-5.64167754375314,8.5,-8.5,2.97884700495988,38,0.804002684210526,1.30725668875621,3.4456112608384,47,0.619211146808511,0.0048968869405306,0.0174911442315383,
PID24,1,True,1,27.2995297,0.569753714391991,6.11073321212944,-6.71957509694227,8.5,-8.5,2.97968263730375,23,0.873494743478262,1.20731251570504,19.7245081391345,34,0.59065995,0.00581520295437,0.016549009187272,
PID24,1,True,2,9.1286481,0.173688937874758,-7.93301034852844,4.8687766838918,-10.0,7.0,2.96893230680893,7,0.910520185714286,1.20410521646582,281.739015345825,10,0.67148081,0.0074990878408928,0.0178344414129882,
PID24,1,True,2,7.0471829,0.179036522157707,-7.35574172524653,8.2396874496077,-10.0,7.0,2.92043263855153,9,0.576661555555556,1.25085715026382,153.135487909639,11,0.560551309090909,0.0059412514190574,0.0191548883797809,
PID24,1,True,2,12.7585865,0.284182599238708,-8.44620339529216,4.53465342486233,-10.0,7.0,2.91414097537244,10,0.93309749,0.924152887392962,316.721645189278,14,0.610818214285714,0.0068929046286786,0.0167557941046265,
PID24,1,True,2,19.3969713,0.32737230108133,-8.85520302175199,9.67845486380332,-10.0,7.0,2.91284750353283,21,0.783398466666667,0.981758631387226,7.79356162314266,19,0.740856715789473,0.0051081651330942,0.0153617314219468,
PID24,1,True,2,10.9807277,0.32743551225021,-8.3306730942313,9.37929218177718,-10.0,7.0,2.90648991131732,10,0.75163695,1.15323036632965,334.235390421505,13,0.494961807692308,0.0059924452088231,0.0152985479799478,
PID24,1,True,3,24.0331173,0.718884277519094,-6.8257081124158,-7.09183532498022,-7.0,-10.0,2.91338281712351,21,0.970481214285714,1.02161481403943,48.7678947809447,25,0.618367488,0.0051347826521291,0.0173353307448599,
PID24,1,True,3,18.8519612,0.438005158315168,-8.9336263961903,-7.74366888743384,-7.0,-10.0,2.97152168586702,18,0.866111322222222,1.00671626183847,53.1160686524199,20,0.67504616,0.0067243476082715,0.017295402676573,
PID24,1,True,3,19.7462373,0.331168638502438,-9.69880357750705,-11.2611457977772,-7.0,-10.0,2.97893092790283,10,1.73722057,1.18263895420274,80.4660860812993,23,0.672703152173913,0.0043007315387188,0.016180784310444,
PID24,1,True,3,18.8038027,0.581017905105187,-7.97428589106581,-7.25649093681154,-7.0,-10.0,2.91136994855121,21,0.667768904761905,1.23228668008831,90.8904425753258,22,0.561430972727273,0.0056493925199433,0.0181982835376191,
PID24,1,True,3,7.1957729,0.216962798960401,-7.48460364624159,-7.07881450374378,-7.0,-10.0,2.9611088121662,4,1.429813225,1.01486534446764,56.1193916641821,9,0.604707366666666,0.0052098900545716,0.016165885555233,
PID25,1,True,1,7.3772876,0.281365176907348,6.41891310108124,-10.6605479810218,8.5,-8.5,2.9998150374896,8,0.7028902875,1.18579804641034,77.4429806745923,6,0.7180083,0.004890594620018,0.0129029542830859,0.998886085267581
PID25,1,True,1,11.5873043,0.220077771303556,5.50284749172229,-8.54945116200123,8.5,-8.5,2.99756043730542,11,0.697330309090909,1.05873347093669,145.633153945316,18,0.356670444444444,0.0082325284177327,0.0158061719880075,
PID25,1,True,1,8.939326,0.294543086165274,9.90711135247276,-5.8945143699597,8.5,-8.5,2.96116830433601,10,0.54253783,1.0256255719466,149.745675051939,6,1.05801291666667,0.0020462719576842,0.0163172966318411,
PID25,1,True,1,7.0298545,0.270381950330976,7.09672810251598,-5.86395642007245,8.5,-8.5,2.98628494513595,6,0.705805816666667,0.863149059306269,165.653805899119,7,0.6548474,0.0056360289965445,0.0106574769704767,
PID25,1,True,1,5.4722755,0.191269729920174,6.32271933785568,-6.46378782349263,8.5,-8.5,2.98105872292118,4,0.867687275,1.05489641265959,144.58480114337,9,0.405731444444445,0.0039612193376291,0.009523483988946,
PID25,1,True,2,8.4845638,0.229331271582225,-9.45353835579312,4.05410379321335,-10.0,7.0,2.99615166334238,8,0.772305075,1.16265794649557,11.5747782998539,7,0.766205371428571,0.0076907402834286,0.0158874713824233,
PID25,1,True,2,7.2932296,0.27618569867239,-8.01009540351317,9.2009892927131,-10.0,7.0,2.96716601654797,5,1.1665686,1.3443969823281,275.626951080891,11,0.389526263636364,0.008253665969284,0.018834851757388,
PID25,1,True,2,6.4268677,0.192405334655206,-8.49321031300973,4.40733221504974,-10.0,7.0,2.99872329566086,3,1.63396056666667,0.840394856591904,28.1889909100705,6,0.647496,0.006530440193536,0.0106054515345247,
PID25,1,True,2,6.9185892,0.262399200383753,-7.38829322121804,5.6782105257208,-10.0,7.0,2.92713848538994,4,1.311435025,1.12076256043729,316.295589399444,9,0.555617766666667,0.0054606556851854,0.017615932928453,
PID25,1,True,2,6.155828,0.226191957063457,-7.19044905775432,6.10912059071741,-10.0,7.0,2.94741286876428,4,1.17403575,1.23136190675829,210.344630519104,7,0.643247028571429,0.0059255847842904,0.0159121848764985,
PID25,1,True,3,40.3057752,2.70970235566495,-9.89808807110736,-10.4981570966556,-7.0,-10.0,2.94059092034971,23,1.21255703478261,1.29621668838569,5.50040615950692,41,0.664815768292683,0.0045439884277933,0.0153587228985254,
PID25,1,True,3,7.7394482,0.318075971381733,-4.5638466759244,-11.6414896700781,-7.0,-10.0,2.937572357471,8,0.5842876,1.13543683374912,157.672727833449,9,0.605480922222222,0.0080146764488708,0.0143236434285834,
PID25,1,True,3,7.9823495,0.392141259766696,-8.97890991272394,-12.2494823879766,-7.0,-10.0,2.99603996243276,3,1.57910233333333,1.16595982401006,15.7281657207556,8,0.6719072625,0.0043805259519115,0.0157445870269272,
PID25,1,True,3,8.2047531,0.284116587411854,-8.31771320648194,-12.6465820365501,-7.0,-10.0,2.95647840694408,4,1.530968675,1.09080401938983,84.0037676452269,9,0.540622688888889,0.0065418945997036,0.0110307044628927,
PID25,1,True,3,4.0349842,0.211343843655003,-8.03291997468016,-7.23765726432362,-7.0,-10.0,2.94914581929028,2,1.42510755,1.39685075642804,174.176341674408,5,0.6089707,0.0057466447173673,0.0141594789519636,
PID26,1,True,1,40.1336312,2.35456621778721,5.74414059689642,-7.45162666812407,8.5,-8.5,2.94853314254105,30,0.844753719999999,1.24736656878488,136.641096406797,39,0.640449143589743,0.005680525051562,0.0172143314066092,0.997598954746501
PID26,1,True,1,5.6853929,0.25721209578661,5.8395072589819,-7.27220741458223,8.5,-8.5,2.93013587702292,4,0.714390825,0.945686403782853,135.852201562339,6,0.580053283333334,0.0079497065066331,0.0197212286868923,
PID26,1,True,1,4.2931404,0.235936663436765,5.91498937165021,-7.1121597355225,8.5,-8.5,2.93400418343028,4,0.738078,1.11873814013463,140.815758132491,6,0.51235495,0.0076159490425453,0.0229093488813213,
PID26,1,True,1,6.7357216,0.191561996186544,8.09727815415489,-5.56446276306573,8.5,-8.5,2.96303286423701,5,0.88745994,0.89947891746215,161.334835150408,9,0.459900088888889,0.0067235404576675,0.018322355068208,
PID26,1,True,1,14.7865821,0.530149187169878,5.55066361979677,-8.94175265745356,8.5,-8.5,2.98223582131889,13,0.633948184615385,1.11198376835096,144.755222400715,17,0.424770994117647,0.0086781469041095,0.0194049601905687,
PID26,1,True,2,20.9228991,1.35510668519018,-10.1584483439721,9.98116953697259,-10.0,7.0,2.98537731047197,19,0.745237268421053,1.28227802679034,136.312060878705,22,0.596720954545454,0.0063506858010315,0.0164349495316284,
PID26,1,True,2,3.7525927,0.167300344842988,-7.09881328307651,6.37620616034642,-10.0,7.0,2.96749104814877,6,0.4295992,1.10045398856157,343.254291246977,6,0.374347283333333,0.008631168045623,0.0193705376722142,
PID26,1,True,2,4.4247928,0.189353968086777,-10.9454721375313,4.18272117060442,-10.0,7.0,2.97169607554482,3,0.8912397,0.878178439839166,17.1464069338934,5,0.46522056,0.0063460217497975,0.0205807079570682,
PID26,1,True,2,3.6313596,0.177278835411189,-7.46584348505998,8.474566391767,-10.0,7.0,2.9319439431786,4,0.467951325,0.755422149174694,4.54330997388723,3,0.612488833333333,0.0066882242314811,0.0195246221912079,
PID26,1,True,2,3.6526794,0.18269340414142,-9.26099477974842,4.09718641377814,-10.0,7.0,2.99540572075191,1,1.6734571,0.0,349.243684571467,4,0.35131755,0.0034922417724163,0.0123155749500742,
PID26,1,True,3,6.0909556,0.323153941063333,-4.82463403326644,-7.94780869595524,-7.0,-10.0,2.9906029889672,6,0.731131083333334,1.22058019849186,54.2119780310971,7,0.585365357142857,0.0058836859025683,0.0198149191191529,
PID26,1,True,3,10.3452922,0.604681066791837,-7.00862667564179,-12.9723512861741,-7.0,-10.0,2.97236380477781,8,0.7938679,1.13660030243045,36.3422603536606,11,0.564665354545455,0.0057696497358468,0.0151867625727176,
PID26,1,True,3,4.4870762,0.185720862896816,-6.08923237955002,-7.28352391879933,-7.0,-10.0,2.86508986913071,3,0.734940066666667,1.19647413850347,94.6405922078576,4,0.45544375,0.0056263890366471,0.0205272405891365,
PID26,1,True,3,4.7229408,0.266123258003589,-6.56838607445786,-12.9374000495358,-7.0,-10.0,2.96894082658023,3,1.27345236666667,1.12291418928808,83.1184518163217,4,0.881135775,0.0056409310846698,0.0151640722963519,
PID26,1,True,3,5.8676936,0.260931433166286,-4.19376650343922,-11.0078383373511,-7.0,-10.0,2.98172509655978,3,1.6428605,1.1517128504387,246.609426952639,4,0.96981,0.005519295412799,0.0180190665023724,
PID27,1,True,1,34.653317,1.90006915004754,6.25813370750007,-6.56255905909898,8.5,-8.5,2.96304604637302,25,0.809780536000001,1.32556497495564,222.01998056331,29,0.838481837931035,0.0050722267974052,0.0182168692972564,0.963598606978318
PID27,1,True,1,11.8849961,0.305792988775282,9.39431077740067,-11.3599843215858,8.5,-8.5,2.99654836208125,14,0.641400214285715,1.02553281874557,171.582456283995,14,0.589641542857143,0.0051074978891535,0.0187914580740706,
PID27,1,True,1,12.172658,0.344512745560104,6.62139251497026,-10.788324861602,8.5,-8.5,2.96067505056455,11,0.693704854545455,1.27440559823177,182.715872003285,9,0.902176422222222,0.0043028383319278,0.0180137940495459,
PID27,1,True,1,14.1469065,0.535495691181726,5.50709909093136,-8.47656926588954,8.5,-8.5,2.99299262458244,14,0.712858721428571,0.851305429921788,177.096118206703,13,0.811767046153846,0.0033105667060886,0.0186803984204623,
PID27,1,True,1,7.1491407,0.279459790489881,7.70638804633388,-11.3717375354577,8.5,-8.5,2.9793785267331,10,0.49341355,1.08815840760532,176.266085634934,8,0.660768375,0.0073675975753036,0.0179066924918953,
PID27,1,True,2,12.8187154,0.481076777284884,-11.0343195570157,9.80211394034301,-10.0,7.0,2.98691470930957,13,0.756604053846154,1.32068611410178,343.681080585654,16,0.6394099,0.0039195544304025,0.0197077765857944,
PID27,1,True,2,18.230031,0.856893439304521,-10.1722007923097,9.89998708962569,-10.0,7.0,2.90509521924287,13,0.854352376923077,0.792466729907882,8.22575498677304,16,0.65472954375,0.0038139855588017,0.0180207091770288,
PID27,1,True,2,3.8467825,0.182980062974828,-7.06806055281274,7.60295892211849,-10.0,7.0,2.99329724279681,4,0.671934675,1.23868167083894,11.7227836826474,4,0.506026075,0.0037419693942065,0.0206648974470937,
PID27,1,True,2,4.3366233,0.171225165397472,-7.04109460343647,7.38901751467103,-10.0,7.0,2.98436857183117,4,0.51661845,1.01935782143577,339.865953404424,4,0.67896685,0.0034121385639697,0.0192727905080267,
PID27,1,True,2,9.7635724,0.321117782525051,-8.39795935390931,9.5361679514083,-10.0,7.0,2.99978034353805,8,0.607944525,1.12086399841446,350.266332491508,9,0.599802200000001,0.0042596585488963,0.0177927228068171,
PID27,1,True,3,8.7020639,0.373973203853237,-9.09380451367771,-12.1127623920067,-7.0,-10.0,2.97452219130652,8,0.7054418125,1.21879470652073,21.6731275081271,9,0.6177175,0.0053242925750947,0.019455111607923,
PID27,1,True,3,6.7601837,0.318838186152542,-9.7399197515893,-8.79852833816098,-7.0,-10.0,2.99177111413146,7,0.717103328571429,1.19768685777486,53.9459230693865,9,0.591199722222222,0.0074956286724685,0.0193753035297457,
PID27,1,True,3,6.9015018,0.315172825787705,-9.74718784997706,-11.0389671794266,-7.0,-10.0,2.93708935563547,7,0.540279,1.23671050118375,33.7345787985639,6,0.85872135,0.0033237957758154,0.0180886681387728,
PID27,1,True,3,7.2740663,0.246495803288203,-9.23033919688269,-8.03214694269513,-7.0,-10.0,2.97436692227026,9,0.466597555555556,1.16412460932302,65.8955467164419,7,0.518982142857143,0.0023097945816567,0.0186934880606957,
PID27,1,True,3,5.118658,0.200850659825886,-8.55335843715504,-7.5073004898892,-7.0,-10.0,2.93708584858995,4,0.73379375,1.34154466167399,292.19043107265,5,0.78099864,0.0076187795868677,0.0164765612298423,
PID28,1,True,1,19.3647186,0.647655000569308,10.8125514893485,-10.3927126101844,8.5,-8.5,2.98835329498351,19,0.770368968421053,1.20304884862047,213.725405403097,21,0.590106938095238,0.0049935962997714,0.0157796786989644,0.958730221587998
PID28,1,True,1,6.7455712,0.263806292650412,10.0305261164854,-11.0276274568808,8.5,-8.5,2.95489606484247,9,0.481408388888889,0.941727385832257,146.733588684138,11,0.426973390909091,0.0061017896829615,0.0196510680354626,
PID28,1,True,1,6.6353369,0.206430446982592,7.40029987773635,-11.2370814039884,8.5,-8.5,2.94973811904821,8,0.645434775,1.03037823290232,136.528038766922,7,0.5448266,0.0044643183619806,0.0195733645696496,
PID28,1,True,1,7.4383911,0.256113675617881,7.7308744276192,-11.3659989422871,8.5,-8.5,2.96740696286858,4,1.361820075,1.04134999078989,184.41455912646,4,1.40662645,0.0030241966129588,0.020199106622327,
PID28,1,True,1,5.3842471,0.20670734174373,7.73443528767016,-11.3872465839054,8.5,-8.5,2.98701894286567,5,0.78875336,0.924540912918009,121.691131262181,10,0.32326026,0.0077624186751691,0.016860608274532,
PID28,1,True,2,11.8374727,0.496363662849063,-10.0666272517528,9.99253611346041,-10.0,7.0,2.99327773202569,14,0.551428014285714,1.28741869994525,236.737359465844,12,0.507802133333333,0.0068963852595962,0.0195676096795098,
PID28,1,True,2,7.9819716,0.265224645108622,-12.4146858005696,8.65965067294435,-10.0,7.0,2.93004229861565,7,0.717036014285714,1.27689995688373,9.1762552435581,10,0.5102207,0.0055419311521075,0.0179511447352503,
PID28,1,True,2,5.9690587,0.163033977481436,-10.1185446738767,4.06572613361864,-10.0,7.0,2.93666749269187,6,0.736155583333333,1.15750049642949,348.344985989047,10,0.34296048,0.0063857927192025,0.016826235240545,
PID28,1,True,2,6.2820824,0.162940107371332,-7.07836558096244,6.41959840324307,-10.0,7.0,2.97872685757237,7,0.6755261,1.00918556217994,6.80080270673827,5,0.77426958,0.0028429287281654,0.018495807673408,
PID28,1,True,2,6.4947623,0.194884711105695,-8.1230802275226,9.28726803718521,-10.0,7.0,2.9587874047058,6,0.859980266666667,1.35380605021669,319.419588374671,8,0.446675975,0.0072411123678966,0.0166095624601192,
PID28,1,True,3,20.4272497,1.08003589409224,-7.03145092068021,-7.00648097923477,-7.0,-10.0,2.99368423319742,21,0.620595928571429,1.34032939198497,75.9593587081513,19,0.70157795263158,0.0032049062022205,0.0160371614854911,
PID28,1,True,3,32.0302506,1.98470786819948,-4.1432594008541,-10.8916348095786,-7.0,-10.0,2.9926542540796,37,0.576022145945946,1.21538443938845,290.419134619617,33,0.536078284848485,0.0046967713214162,0.017817667018276,
PID28,1,True,3,3.5934992,0.176372730441751,-9.32960225933407,-8.19056334500723,-7.0,-10.0,2.94976400668356,3,0.7895958,1.15560198303397,65.7547740591082,3,0.8939639,0.0031094295374294,0.0154908182549237,
PID28,1,True,3,3.9210615,0.167667811618457,-4.14179404526336,-10.2789392907454,-7.0,-10.0,2.87178488184849,2,1.2332014,0.0507919195507465,50.6039422928972,4,0.6120204,0.0050739999204609,0.0177043407649074,
PID28,1,True,3,4.9730021,0.166196305518264,-5.63733328771427,-7.32830188439963,-7.0,-10.0,2.99913844123178,4,0.86759565,1.39052127234707,283.78271664712,5,0.65795174,0.0048404126037118,0.0138932531259367,
PID29,1,True,1,5.1326912,0.245139814842582,5.61653891642478,-7.88856844509913,8.5,-8.5,2.94757465839651,6,0.729970333333333,1.11137657794845,213.758299579599,6,0.49149015,0.0057093194913564,0.0153944100929028,0.946535259538007
PID29,1,True,1,24.3940374,1.5990161309033,5.53418100356618,-8.11082739095479,8.5,-8.5,2.99124349380634,24,0.696308233333333,1.28500343665139,240.060581747877,24,0.582740533333333,0.0047379992347806,0.0178455849563815,
PID29,1,True,1,7.5440362,0.480843015993709,7.07449629058763,-11.037240122971,8.5,-8.5,2.91026601312702,7,0.848171071428572,1.29482425245758,167.12594253015,6,0.760751316666667,0.0048911820320832,0.0177991617685018,
PID29,1,True,1,4.5029658,0.268193165935446,5.78268150486982,-7.32694937652268,8.5,-8.5,2.95970734519767,3,0.915562233333334,1.02570108864145,189.741618370697,5,0.81497726,0.0054462489135855,0.0147880047493655,
PID29,1,True,1,6.5434025,0.344796302636823,5.68431909984908,-7.6187563003437,8.5,-8.5,2.95036428084035,8,0.4113818875,1.16229532713325,193.208003446465,5,0.39894236,0.0076857153196386,0.0220387957990419,
PID29,1,True,2,12.8872671,0.8611246860223,-7.1139191482102,7.56452351730602,-10.0,7.0,2.94077362009715,10,0.90937024,1.26044540542644,106.727875526432,12,0.486920741666666,0.0061346118392831,0.020068177697783,
PID29,1,True,2,10.3041934,0.519326451884941,-7.90551814958687,5.02642047499112,-10.0,7.0,2.87782389371627,9,0.731497288888889,0.758706306023723,332.887667184187,9,0.688975844444444,0.0027448098481911,0.0168705682010981,
PID29,1,True,2,6.0501887,0.349075824651031,-10.7527830122433,4.10729380701546,-10.0,7.0,2.98905192033415,4,1.079253975,0.691058817210438,18.9668433078534,7,0.440688528571429,0.0051682501971397,0.0134429823646324,
PID29,1,True,2,7.6381039,0.397243390352164,-7.05572543478467,6.70336133005412,-10.0,7.0,2.95918015941598,6,1.01631776666667,1.07635182263737,347.318573883656,7,0.6383697,0.00377648018761,0.0167867437721358,
PID29,1,True,2,6.1174391,0.377310291113147,-10.7141407872588,4.15913526842745,-10.0,7.0,2.92925066990166,5,0.92336222,1.17674583461819,358.127336096567,6,0.751510466666667,0.005834739963068,0.0145503250254873,
PID29,1,True,3,5.0919595,0.272853663400638,-4.40085317343298,-11.213997079706,-7.0,-10.0,2.8686849139611,3,1.15405106666667,1.16339365364653,334.650149881118,5,0.56040396,0.0040532658534502,0.0161118008206074,
PID29,1,True,3,8.9097127,0.379123096082259,-4.07092638577515,-10.1676184596926,-7.0,-10.0,2.93386574089169,8,0.453896525,1.12690154190707,42.3528097202938,16,0.29664009375,0.0064767410699908,0.0181074718369165,
PID29,1,True,3,8.812977,0.32803891951002,-7.36521538402569,-7.02562539236683,-7.0,-10.0,2.99671262940944,6,0.679273366666666,1.02323613211829,355.041995669984,8,0.5575612,0.0063830356491494,0.019576477763131,
PID29,1,True,3,3.9459234,0.249071028783219,-4.23866835492341,-9.00168254942588,-7.0,-10.0,2.93625444848062,4,0.480636625,0.677119089168521,35.4248081731531,4,0.43663375,0.0027000053004226,0.0205964934217678,
PID29,1,True,3,4.2167237,0.22466126113856,-4.77190946349688,-8.20945387587351,-7.0,-10.0,2.85839865335106,3,1.16881866666667,1.20099643302309,15.8837783561623,5,0.45697878,0.0059194406589265,0.0168089569028269,
